{
    "providers": [
        {
            "type": "space",
            "advances": {
                " ": 4,
                "\uF800": 0,
                "\uF801": -1,
                "\uF802": -2,
                "\uF803": -3,
                "\uF804": -4,
                "\uF805": -5,
                "\uF806": -6,
                "\uF807": -7,
                "\uF808": -8,
                "\uF809": -16,
                "\uF80A": -32,
                "\uF80B": -64,
                "\uF80C": -128,
                "\uF80D": -256,
                "\uF80E": -512,
                "\uF80F": -32768,
                "\uF820": 0,
                "\uF821": 1,
                "\uF822": 2,
                "\uF823": 3,
                "\uF824": 4,
                "\uF825": 5,
                "\uF826": 6,
                "\uF827": 7,
                "\uF828": 8,
                "\uF829": 16,
                "\uF82A": 32,
                "\uF82B": 64,
                "\uF82C": 128,
                "\uF82D": 256,
                "\uF82E": 512,
                "\uF82F": 32768,
                "|": -4
            }
        },
        {
            "type": "space",
            "#": "テキスト∞を空白にする",
            "advances": {
                "∞": 0
            }
        },
        {
            "type": "bitmap",
            "file": "resource:font/space.png",
            "#": "本の左側のスペースに侵入用ネガティブスペース",
            "ascent": -2147483648,
            "height": -24,
            "chars": [
                "\uE000"
            ]
        },
        {
            "type": "bitmap",
            "file": "resource:font/space.png",
            "#": "採集ツールの採集可能アイコン用白四角",
            "ascent": 6,
            "height": 9,
            "chars": [
                "\uE001"
            ]
        },
        {
            "type": "bitmap",
            "file": "resource:font/arrow_head.png",
            "#": "UI用の▸",
            "ascent": 8,
            "height": 9,
            "chars": [
                "▸"
            ]
        },
        {
            "type": "bitmap",
            "file": "resource:font/spaces.png",
            "#": "HPバー用のスペース",
            "ascent": 2,
            "height": 8,
            "chars": [
                "▏▎▍▌▋▊▉█■"
            ]
        },
        {
            "type": "bitmap",
            "file": "resource:font/heart.png",
            "#": "プレイヤーUIのハート表示",
            "ascent": -21,
            "height": 9,
            "chars": [
                "\uE090"
            ]
        },
        {
            "type": "bitmap",
            "file": "resource:font/gold.png",
            "ascent": -16,
            "height": 7,
            "chars": [
                "\uE091"
            ]
        },
        {
            "type": "bitmap",
            "file": "resource:font/icons.png",
            "#": "アイテムのLore用アイコン",
            "ascent": 8,
            "height": 10,
            "chars": [
                "\uE100\uE101\uE102\uE103\uE104\uE105\uE106\uE107",
                "\uE108\uE109\uE10A\uE10B\uE10C\uE10D\uE10E\uE10F",
                "\uE110\uE111\uE112\uE113\uE114\uE115\uE116\uE117",
                "\uE118\uE119\uE11A\uE11B\uE11C\uE11D\uE11E\uE11F",
                "\uE120\uE121\uE122\uE123\uE124\uE125\uE126\uE127"
            ]
        },
        {
            "type": "bitmap",
            "file": "resource:font/element.png",
            "#": "属性アイコン",
            "ascent": 7,
            "height": 7,
            "chars": [
                "\uE130\uE131\uE132\uE133\uE134"
            ]
        },
        {
            "type": "bitmap",
            "file": "resource:font/rarity.png",
            "#": "アイテムのレアリティ表示",
            "ascent": 7,
            "height": 7,
            "chars": [
                "\uE150\uE155",
                "\uE151\uE156",
                "\uE152\uE157",
                "\uE153\uE158",
                "\uE154\uE159"
            ]
        },
        {
            "type": "bitmap",
            "file": "resource:font/emblem.png",
            "#": "職業のアイコン",
            "ascent": 8,
            "height": 8,
            "chars": [
                "\uE175\uE176\uE177\uE178\uE179\uE17A\uE17B\uE17C\uE17D\uE17E\uE17F",
                "\uE185\uE186\uE187\uE188\uE189\uE18A\uE18B\uE18C\uE18D\uE18E\uE18F",
                "\uE195\uE196\uE197\uE198\uE199\uE19A\uE19B\uE19C\uE19D\uE19E\uE19F"
            ]
        },
        {
            "type": "bitmap",
            "file": "resource:font/skill_bar.png",
            "#": "ため攻撃用のバー",
            "ascent": -36,
            "height": 4,
            "chars": [
                "\uE1A0\uE1A8\uE1B0\uE1B8",
                "\uE1A1\uE1A9\uE1B1\uE1B9",
                "\uE1A2\uE1AA\uE1B2\uE1BA",
                "\uE1A3\uE1AB\uE1B3\uE1BB",
                "\uE1A4\uE1AC\uE1B4\uE1BC",
                "\uE1A5\uE1AD\uE1B5\uE1BD",
                "\uE1A6\uE1AE\uE1B6\uE1BE",
                "\uE1A7\uE1AF\uE1B7\uE1BF"
            ]
        },
        {
            "type": "bitmap",
            "file": "resource:font/cooldown.png",
            "#": "魔法のクールダウン表示",
            "ascent": -46,
            "height": 16,
            "chars": [
                "\uE1C0\uE1C1\uE1C2\uE1C3\uE1C4\uE1C5\uE1C6\uE1C7",
                "\uE1C8\uE1C9\uE1CA\uE1CB\uE1CC\uE1CD\uE1CE\uE1CF"
            ]
        },
        {
            "type": "bitmap",
            "file": "resource:font/arrow.png",
            "#": "弓矢/矢筒の表示",
            "ascent": -36,
            "height": 24,
            "chars": [
                "\uE1D0\uE1D1\uE1D2\uE1D3\uE1D4"
            ]
        },
        {
            "type": "bitmap",
            "file": "resource:font/hp_bars.png",
            "ascent": -16,
            "height": 20,
            "chars": [
                "\uE201\uE211\uE221\uE231",
                "\uE202\uE212\uE222\uE232",
                "\uE203\uE213\uE223\uE233",
                "\uE204\uE214\uE224\uE234",
                "\uE205\uE215\uE225\uE235",
                "\uE206\uE216\uE226\uE236",
                "\uE207\uE217\uE227\uE237",
                "\uE208\uE218\uE228\uE238",
                "\uE209\uE219\uE229\uE239",
                "\uE210\uE220\uE230\uE240"
            ]
        },
        {
            "type": "bitmap",
            "file": "resource:font/ui.png",
            "ascent": 10,
            "height": 80,
            "chars": [
                "\uE250",
                "\uE251",
                "\uE252",
                "\uE253",
                "\uE254",
                "\uE255",
                "\uE256"
            ]
        },
        {
            "type": "bitmap",
            "file": "resource:font/buff_icon.png",
            "ascent": 6,
            "height": 11,
            "chars": [
                "\uE300\uE301\uE302\uE303\uE304\uE305\uE306",
                "\uE310\uE311\uE312\uE313\uE314\uE315\uE316",
                "\uE320\uE321\uE322\uE323\uE324\uE325\uE326",
                "\uE330\uE331\uE332\uE333\uE334\uE335\uE336",
                "\uE340\uE341\uE342\uE343\uE344\uE345\uE346",
                "\uE350\uE351\uE352\uE353\uE354\uE355\uE356",
                "\uE360\uE361\uE362\uE363\uE364\uE365\uE366",
                "\uE370\uE371\uE372\uE373\uE374\uE375\uE376",
                "\uE380\uE381\uE382\uE383\uE384\uE385\uE386",
                "\uE390\uE391\uE392\uE393\uE394\uE395\uE396",
                "\uE3A0\uE3A1\uE3A2\uE3A3\uE3A4\uE3A5\uE3A6",
                "\uE3B0\uE3B1\uE3B2\uE3B3\uE3B4\uE3B5\uE3B6",
                "\uE3C0\uE3C1\uE3C2\uE3C3\uE3C4\uE3C5\uE3C6",
                "\uE3D0\uE3D1\uE3D2\uE3D3\uE3D4\uE3D5\uE3D6",
                "\uE3E0\uE3E1\uE3E2\uE3E3\uE3E4\uE3E5\uE3E6",
                "\uE3F0\uE3F1\uE3F2\uE3F3\uE3F4\uE3F5\uE3F6",
                "\uE400\uE401\uE402\uE403\uE404\uE405\uE406",
                "\uE410\uE411\uE412\uE413\uE414\uE415\uE416",
                "\uE420\uE421\uE422\uE423\uE424\uE425\uE426",
                "\uE430\uE431\uE432\uE433\uE434\uE435\uE436",
                "\uE440\uE441\uE442\uE443\uE444\uE445\uE446",
                "\uE450\uE451\uE452\uE453\uE454\uE455\uE456",
                "\uE460\uE461\uE462\uE463\uE464\uE465\uE466",
                "\uE470\uE471\uE472\uE473\uE474\uE475\uE476",
                "\uE480\uE481\uE482\uE483\uE484\uE485\uE486",
                "\uE490\uE491\uE492\uE493\uE494\uE495\uE496",
                "\uE4A0\uE4A1\uE4A2\uE4A3\uE4A4\uE4A5\uE4A6",
                "\uE4B0\uE4B1\uE4B2\uE4B3\uE4B4\uE4B5\uE4B6",
                "\uE4C0\uE4C1\uE4C2\uE4C3\uE4C4\uE4C5\uE4C6",
                "\uE4D0\uE4D1\uE4D2\uE4D3\uE4D4\uE4D5\uE4D6",
                "\uE4E0\uE4E1\uE4E2\uE4E3\uE4E4\uE4E5\uE4E6",
                "\uE4F0\uE4F1\uE4F2\uE4F3\uE4F4\uE4F5\uE4F6"
            ]
        },
        {
            "type": "bitmap",
            "file": "block/coal_ore.png",
            "ascent": 7,
            "height": 9,
            "chars": [
                "\uE500"
            ]
        },
        {
            "type": "bitmap",
            "file": "block/iron_ore.png",
            "ascent": 7,
            "height": 9,
            "chars": [
                "\uE501"
            ]
        },
        {
            "type": "bitmap",
            "file": "block/gold_ore.png",
            "ascent": 7,
            "height": 9,
            "chars": [
                "\uE502"
            ]
        },
        {
            "type": "bitmap",
            "file": "block/emerald_ore.png",
            "ascent": 7,
            "height": 9,
            "chars": [
                "\uE503"
            ]
        },
        {
            "type": "bitmap",
            "file": "block/diamond_ore.png",
            "ascent": 7,
            "height": 9,
            "chars": [
                "\uE504"
            ]
        },
        {
            "type": "bitmap",
            "file": "block/lapis_ore.png",
            "ascent": 7,
            "height": 9,
            "chars": [
                "\uE505"
            ]
        },
        {
            "type": "bitmap",
            "file": "block/oak_log.png",
            "ascent": 7,
            "height": 9,
            "chars": [
                "\uE510"
            ]
        },
        {
            "type": "bitmap",
            "file": "block/birch_log.png",
            "ascent": 7,
            "height": 9,
            "chars": [
                "\uE511"
            ]
        },
        {
            "type": "bitmap",
            "file": "block/spruce_log.png",
            "ascent": 7,
            "height": 9,
            "chars": [
                "\uE512"
            ]
        },
        {
            "type": "bitmap",
            "file": "block/jungle_log.png",
            "ascent": 7,
            "height": 9,
            "chars": [
                "\uE513"
            ]
        },
        {
            "type": "bitmap",
            "file": "block/dark_oak_log.png",
            "ascent": 7,
            "height": 9,
            "chars": [
                "\uE514"
            ]
        },
        {
            "type": "bitmap",
            "file": "block/acacia_log.png",
            "ascent": 7,
            "height": 9,
            "chars": [
                "\uE515"
            ]
        },
        {
            "type": "bitmap",
            "file": "block/acacia_log.png",
            "ascent": 7,
            "height": 9,
            "chars": [
                "\uE515"
            ]
        },
        {
            "type": "bitmap",
            "file": "resource:font/farming.png",
            "ascent": 7,
            "height": 14,
            "chars": [
                "\uE520"
            ]
        },
        {
            "type": "bitmap",
            "file": "resource:font/harvesting.png",
            "ascent": 7,
            "height": 14,
            "chars": [
                "\uE530"
            ]
        },
        {
            "type": "bitmap",
            "file": "resource:font/fishing.png",
            "ascent": 7,
            "height": 14,
            "chars": [
                "\uE540"
            ]
        },
        {
            "type": "bitmap",
            "file": "resource:font/zukan_l.png",
            "ascent": 36,
            "height": 180,
            "chars": [
                "\uE5A0"
            ]
        },
        {
            "type": "bitmap",
            "file": "resource:font/zukan_r.png",
            "ascent": 45,
            "height": 180,
            "chars": [
                "\uE5B0"
            ]
        },
        {
            "type": "bitmap",
            "file": "resource:font/zukan_font.png",
            "ascent": 5,
            "height": 16,
            "chars": [
                "\uE5C0\uE5C1\uE5C2\uE5C3\uE5C4\uE5C5\uE5C6\uE5C7\uE5C8\uE5C9\uE5CA\uE5CB\uE5CC🥇🥈🥉\uE5CD"
            ]
        },
        {
            "type": "bitmap",
            "file": "resource:font/fish.png",
            "ascent": 9,
            "height": 23,
            "chars": [
                "\uE600\uE601\uE602\uE603\uE604\uE605\uE606\uE607\uE608\uE609\uE60A\uE60B\uE60C\uE60D\uE60E\uE60F",
                "\uE610\uE611\uE612\uE613\uE614\uE615\uE616\uE617\uE618\uE619\uE61A\uE61B\uE61C\uE61D\uE61E\uE61F",
                "\uE620\uE621\uE622\uE623\uE624\uE625\uE626\uE627\uE628\uE629\uE62A\uE62B\uE62C\uE62D\uE62E\uE62F",
                "\uE630\uE631\uE632\uE633\uE634\uE635\uE636\uE637\uE638\uE639\uE63A\uE63B\uE63C\uE63D\uE63E\uE63F",
                "\uE640\uE641\uE642\uE643\uE644\uE645\uE646\uE647\uE648\uE649\uE64A\uE64B\uE64C\uE64D\uE64E\uE64F",
                "\uE650\uE651\uE652\uE653\uE654\uE655\uE656\uE657\uE658\uE659\uE65A\uE65B\uE65C\uE65D\uE65E\uE65F",
                "\uE660\uE661\uE662\uE663\uE664\uE665\uE666\uE667\uE668\uE669\uE66A\uE66B\uE66C\uE66D\uE66E\uE66F",
                "\uE670\uE671\uE672\uE673\uE674\uE675\uE676\uE677\uE678\uE679\uE67A\uE67B\uE67C\uE67D\uE67E\uE67F",
                "\uE680\uE681\uE682\uE683\uE684\uE685\uE686\uE687\uE688\uE689\uE68A\uE68B\uE68C\uE68D\uE68E\uE68F",
                "\uE690\uE691\uE692\uE693\uE694\uE695\uE696\uE697\uE698\uE699\uE69A\uE69B\uE69C\uE69D\uE69E\uE69F"
            ]
        }
    ]
}