{
	"credit": "Made with Blockbench",
	"texture_size": [64, 64],
	"textures": {
		"1": "entity/chest/normal"
	},
	"elements": [
		{
			"from": [1, 0, -6],
			"to": [15, 10, 8],
			"faces": {
				"north": {"uv": [10.5, 8.25, 14, 10.75], "rotation": 180, "texture": "#1"},
				"east": {"uv": [7, 8.25, 10.5, 10.75], "rotation": 180, "texture": "#1"},
				"south": {"uv": [3.5, 8.25, 7, 10.75], "rotation": 180, "texture": "#1"},
				"west": {"uv": [0, 8.25, 3.5, 10.75], "rotation": 180, "texture": "#1"},
				"up": {"uv": [7, 8.25, 10.5, 4.75], "rotation": 180, "texture": "#1"},
				"down": {"uv": [7, 8.25, 3.5, 4.75], "texture": "#1"}
			}
		}
	],
	"display": {
		"thirdperson_righthand": {
			"rotation": [90, 0, 0]
		},
		"head": {
			"translation": [0, -8.25, 0]
		}
	}
}