{
	"credit": "Made with Blockbench",
	"texture_size": [64, 64],
	"textures": {
		"1": "entity/chest/normal"
	},
	"elements": [
		{
			"from": [0.999, 9, -6.001],
			"to": [15.001, 14.001, 8.001],
			"faces": {
				"north": {"uv": [10.5, 3.5, 14, 4.75], "rotation": 180, "texture": "#1"},
				"east": {"uv": [7, 3.5, 10.5, 4.75], "rotation": 180, "texture": "#1"},
				"south": {"uv": [3.5, 3.5, 7, 4.75], "rotation": 180, "texture": "#1"},
				"west": {"uv": [0, 3.5, 3.5, 4.75], "rotation": 180, "texture": "#1"},
				"up": {"uv": [7, 3.5, 10.5, 0], "rotation": 180, "texture": "#1"},
				"down": {"uv": [7, 3.5, 3.5, 0], "texture": "#1"}
			}
		},
		{
			"from": [7, 7, -7],
			"to": [9, 11, -6],
			"faces": {
				"north": {"uv": [1, 0.25, 1.5, 1.25], "rotation": 180, "texture": "#1"},
				"east": {"uv": [0.75, 1.25, 1, 0.25], "texture": "#1"},
				"south": {"uv": [0.25, 0.25, 0.75, 1.25], "rotation": 180, "texture": "#1"},
				"west": {"uv": [0, 1.25, 0.25, 0.25], "texture": "#1"},
				"up": {"uv": [1.25, 0, 0.75, 0.25], "texture": "#1"},
				"down": {"uv": [0.75, 0, 0.25, 0.25], "texture": "#1"}
			}
		}
	],
	"display": {
		"thirdperson_righthand": {
			"rotation": [90, 0, 0]
		},
		"head": {
			"translation": [0, -8.25, 0]
		}
	}
}