{
	"credit": "Made with Blockbench",
	"texture_size": [64, 32],
	"textures": {
		"2": "entity/skeleton/bogged",
		"3": "entity/skeleton/bogged_overlay",
		"particle": "entity/skeleton/bogged"
	},
	"elements": [
		{
			"name": "head",
			"from": [4, 4, 4],
			"to": [12, 12, 12],
			"faces": {
				"north": {"uv": [2, 4, 4, 8], "texture": "#2"},
				"east": {"uv": [0, 4, 2, 8], "texture": "#2"},
				"south": {"uv": [6, 4, 8, 8], "texture": "#2"},
				"west": {"uv": [4, 4, 6, 8], "texture": "#2"},
				"up": {"uv": [4, 4, 2, 0], "texture": "#2"},
				"down": {"uv": [6, 0, 4, 4], "texture": "#2"}
			}
		},
		{
			"name": "head",
			"from": [3.8, 3.8, 3.8],
			"to": [12.2, 12.2, 12.2],
			"faces": {
				"north": {"uv": [2, 4, 4, 8], "texture": "#3"},
				"east": {"uv": [0, 4, 2, 8], "texture": "#3"},
				"south": {"uv": [6, 4, 8, 8], "texture": "#3"},
				"west": {"uv": [4, 4, 6, 8], "texture": "#3"},
				"up": {"uv": [4, 4, 2, 0], "texture": "#3"},
				"down": {"uv": [6, 0, 4, 4], "texture": "#3"}
			}
		},
		{
			"name": "brown_mushroom",
			"from": [11, 12, 4],
			"to": [11, 14, 6],
			"rotation": {"angle": -45, "axis": "y", "origin": [11, 13, 5]},
			"faces": {
				"north": {"uv": [13, 11.5, 13.5, 12.5], "texture": "#2"},
				"east": {"uv": [13, 11.5, 13.5, 12.5], "texture": "#2"},
				"south": {"uv": [13, 11.5, 13.5, 12.5], "texture": "#2"},
				"west": {"uv": [13, 11.5, 13.5, 12.5], "texture": "#2"},
				"up": {"uv": [13, 11.5, 13.5, 12.5], "texture": "#2"},
				"down": {"uv": [13, 11.5, 13.5, 12.5], "texture": "#2"}
			}
		},
		{
			"name": "brown_mushroom",
			"from": [11, 12, 4],
			"to": [11, 14, 6],
			"rotation": {"angle": 45, "axis": "y", "origin": [11, 13, 5]},
			"faces": {
				"north": {"uv": [13, 11.5, 13.5, 12.5], "texture": "#2"},
				"east": {"uv": [13, 11.5, 13.5, 12.5], "texture": "#2"},
				"south": {"uv": [13, 11.5, 13.5, 12.5], "texture": "#2"},
				"west": {"uv": [13, 11.5, 13.5, 12.5], "texture": "#2"},
				"up": {"uv": [13, 11.5, 13.5, 12.5], "texture": "#2"},
				"down": {"uv": [13, 11.5, 13.5, 12.5], "texture": "#2"}
			}
		},
		{
			"name": "red_mushroom",
			"from": [5.04289, 12, 7.95711],
			"to": [5.04289, 15, 13.95711],
			"rotation": {"angle": -45, "axis": "y", "origin": [5.04289, 13.5, 10.95711]},
			"faces": {
				"north": {"uv": [14, 8, 12.5, 9.5], "texture": "#2"},
				"east": {"uv": [14, 8, 12.5, 9.5], "texture": "#2"},
				"south": {"uv": [14, 8, 12.5, 9.5], "texture": "#2"},
				"west": {"uv": [14, 8, 12.5, 9.5], "texture": "#2"},
				"up": {"uv": [14, 8, 12.5, 9.5], "texture": "#2"},
				"down": {"uv": [14, 8, 12.5, 9.5], "texture": "#2"}
			}
		},
		{
			"name": "red_mushroom",
			"from": [2.04289, 12, 10.95711],
			"to": [8.04289, 15, 10.95711],
			"rotation": {"angle": -45, "axis": "y", "origin": [5.04289, 13.5, 10.95711]},
			"faces": {
				"north": {"uv": [12.5, 8, 14, 9.5], "texture": "#2"},
				"east": {"uv": [12.5, 8, 14, 9.5], "texture": "#2"},
				"south": {"uv": [12.5, 8, 14, 9.5], "texture": "#2"},
				"west": {"uv": [12.5, 8, 14, 9.5], "texture": "#2"},
				"up": {"uv": [12.5, 8, 14, 9.5], "rotation": 90, "texture": "#2"},
				"down": {"uv": [12.5, 8, 14, 9.5], "rotation": 270, "texture": "#2"}
			}
		},
		{
			"name": "brown_mushroom2",
			"from": [9.70711, 2.70711, 12],
			"to": [9.70711, 6.70711, 15],
			"rotation": {"angle": -45, "axis": "z", "origin": [9.70711, 4.70711, 13.5]},
			"faces": {
				"north": {"uv": [12.75, 14.5, 13.75, 16], "texture": "#2"},
				"east": {"uv": [12.75, 14.5, 13.75, 16], "texture": "#2"},
				"south": {"uv": [12.75, 14.5, 13.75, 16], "texture": "#2"},
				"west": {"uv": [12.75, 14.5, 13.75, 16], "texture": "#2"},
				"up": {"uv": [12.75, 14.5, 13.75, 16], "texture": "#2"},
				"down": {"uv": [12.75, 14.5, 13.75, 16], "texture": "#2"}
			}
		},
		{
			"name": "brown_mushroom2",
			"from": [7.70711, 4.70711, 12],
			"to": [11.70711, 4.70711, 15],
			"rotation": {"angle": -45, "axis": "z", "origin": [9.70711, 4.70711, 13.5]},
			"faces": {
				"north": {"uv": [12.75, 14.5, 13.75, 16], "rotation": 270, "texture": "#2"},
				"east": {"uv": [12.75, 14.5, 13.75, 16], "rotation": 90, "texture": "#2"},
				"south": {"uv": [12.75, 14.5, 13.75, 16], "rotation": 90, "texture": "#2"},
				"west": {"uv": [12.75, 14.5, 13.75, 16], "rotation": 90, "texture": "#2"},
				"up": {"uv": [12.75, 14.5, 13.75, 16], "rotation": 90, "texture": "#2"},
				"down": {"uv": [12.75, 14.5, 13.75, 16], "rotation": 90, "texture": "#2"}
			}
		}
	],
	"display": {
		"head": {
			"translation": [0, -44, 0],
			"scale": [1.6, 1.6, 1.6]
		}
	}
}