{
    "parent": "item/generated",
    "textures": {
        "layer0": "item/bow"
    },
    "display": {
        "thirdperson_righthand": {
            "rotation": [ -80, 260, -40 ],
            "translation": [ -1, -2, 2.5 ],
            "scale": [ 0.9, 0.9, 0.9 ]
        },
        "thirdperson_lefthand": {
            "rotation": [ -80, -280, 40 ],
            "translation": [ -1, -2, 2.5 ],
            "scale": [ 0.9, 0.9, 0.9 ]
        },
        "firstperson_righthand": {
            "rotation": [ 0, -90, 25 ],
            "translation": [ 1.13, 3.2, 1.13],
            "scale": [ 0.68, 0.68, 0.68 ]
        },
        "firstperson_lefthand": {
            "rotation": [ 0, 90, -25 ],
            "translation": [ 1.13, 3.2, 1.13],
            "scale": [ 0.68, 0.68, 0.68 ]
        }
    },

    "overrides": [
        {"predicate": {"pulling": 1},"model": "item/bow_pulling_0"},
        {"predicate": {"pulling": 1,"pull": 0.45}, "model": "item/bow_pulling_1"},
        {"predicate": {"pulling": 1,"pull": 0.6}, "model": "item/bow_pulling_2"},
        {"predicate": {"custom_model_data": 1051}, "model": "resource:item/bow/1051", "#": "木の弓"},
        {"predicate": {"custom_model_data": 1051, "pulling": 1}, "model": "resource:item/bow/1051_0"},
        {"predicate": {"custom_model_data": 1051, "pulling": 1,"pull": 0.45}, "model": "resource:item/bow/1051_1"},
        {"predicate": {"custom_model_data": 1051, "pulling": 1,"pull": 0.6}, "model": "resource:item/bow/1051_2"},
        {"predicate": {"custom_model_data": 1052}, "model": "resource:item/bow/1052", "#": "銅の弓"},
        {"predicate": {"custom_model_data": 1052, "pulling": 1}, "model": "resource:item/bow/1052_0"},
        {"predicate": {"custom_model_data": 1052, "pulling": 1,"pull": 0.45}, "model": "resource:item/bow/1052_1"},
        {"predicate": {"custom_model_data": 1052, "pulling": 1,"pull": 0.6}, "model": "resource:item/bow/1052_2"},
        {"predicate": {"custom_model_data": 1053}, "model": "resource:item/bow/1053", "#": "金の弓"},
        {"predicate": {"custom_model_data": 1053, "pulling": 1}, "model": "resource:item/bow/1053_0"},
        {"predicate": {"custom_model_data": 1053, "pulling": 1,"pull": 0.45}, "model": "resource:item/bow/1053_1"},
        {"predicate": {"custom_model_data": 1053, "pulling": 1,"pull": 0.6}, "model": "resource:item/bow/1053_2"},
        {"predicate": {"custom_model_data": 1054}, "model": "resource:item/bow/1054", "#": "鉄の弓"},
        {"predicate": {"custom_model_data": 1054, "pulling": 1}, "model": "resource:item/bow/1054_0"},
        {"predicate": {"custom_model_data": 1054, "pulling": 1,"pull": 0.45}, "model": "resource:item/bow/1054_1"},
        {"predicate": {"custom_model_data": 1054, "pulling": 1,"pull": 0.6}, "model": "resource:item/bow/1054_2"},
        {"predicate": {"custom_model_data": 1055}, "model": "resource:item/bow/1055", "#": "エメラルドの弓"},
        {"predicate": {"custom_model_data": 1055, "pulling": 1}, "model": "resource:item/bow/1055_0"},
        {"predicate": {"custom_model_data": 1055, "pulling": 1,"pull": 0.45}, "model": "resource:item/bow/1055_1"},
        {"predicate": {"custom_model_data": 1055, "pulling": 1,"pull": 0.6}, "model": "resource:item/bow/1055_2"},
        {"predicate": {"custom_model_data": 1056}, "model": "resource:item/bow/1056", "#": "ダイヤの弓"},
        {"predicate": {"custom_model_data": 1056, "pulling": 1}, "model": "resource:item/bow/1056_0"},
        {"predicate": {"custom_model_data": 1056, "pulling": 1,"pull": 0.45}, "model": "resource:item/bow/1056_1"},
        {"predicate": {"custom_model_data": 1056, "pulling": 1,"pull": 0.6}, "model": "resource:item/bow/1056_2"},
        {"predicate": {"custom_model_data": 1057}, "model": "resource:item/bow/1057", "#": "ルミナイトの弓"},
        {"predicate": {"custom_model_data": 1057, "pulling": 1}, "model": "resource:item/bow/1057_0"},
        {"predicate": {"custom_model_data": 1057, "pulling": 1,"pull": 0.45}, "model": "resource:item/bow/1057_1"},
        {"predicate": {"custom_model_data": 1057, "pulling": 1,"pull": 0.6}, "model": "resource:item/bow/1057_2"}
    ]
}
