{
    "parent": "item/handheld_rod",
    "textures": {
        "layer0": "item/carrot_on_a_stick"
    },

    "overrides": [
        {"predicate": {"custom_model_data": 1001}, "model": "resource:item/carrot_on_a_stick/1001", "#": "木の短剣"},
        {"predicate": {"custom_model_data": 1002}, "model": "resource:item/carrot_on_a_stick/1002", "#": "石の短剣"},
        {"predicate": {"custom_model_data": 1003}, "model": "resource:item/carrot_on_a_stick/1003", "#": "鉄の短剣"},
        {"predicate": {"custom_model_data": 1004}, "model": "resource:item/carrot_on_a_stick/1004", "#": "金の短剣"},
        {"predicate": {"custom_model_data": 1005}, "model": "resource:item/carrot_on_a_stick/1005", "#": "ルミナイトの短剣"},
        {"predicate": {"custom_model_data": 1006}, "model": "resource:item/carrot_on_a_stick/1006", "#": "銅の短剣"},
        {"predicate": {"custom_model_data": 1007}, "model": "resource:item/carrot_on_a_stick/1007", "#": "ダイヤの短剣"},
        {"predicate": {"custom_model_data": 1008}, "model": "resource:item/carrot_on_a_stick/1008", "#": "エメラルドの短剣"},

        {"predicate": {"custom_model_data": 1011}, "model": "resource:item/carrot_on_a_stick/1011", "#": "木の剣"},
        {"predicate": {"custom_model_data": 1012}, "model": "resource:item/carrot_on_a_stick/1012", "#": "石の剣"},
        {"predicate": {"custom_model_data": 1013}, "model": "resource:item/carrot_on_a_stick/1013", "#": "鉄の剣"},
        {"predicate": {"custom_model_data": 1014}, "model": "resource:item/carrot_on_a_stick/1014", "#": "金の剣"},
        {"predicate": {"custom_model_data": 1015}, "model": "resource:item/carrot_on_a_stick/1015", "#": "ルミナイトの剣"},
        {"predicate": {"custom_model_data": 1016}, "model": "resource:item/carrot_on_a_stick/1016", "#": "銅の剣"},
        {"predicate": {"custom_model_data": 1017}, "model": "resource:item/carrot_on_a_stick/1017", "#": "ダイヤの剣"},
        {"predicate": {"custom_model_data": 1018}, "model": "resource:item/carrot_on_a_stick/1018", "#": "エメラルドの剣"},

        {"predicate": {"custom_model_data": 1021}, "model": "resource:item/carrot_on_a_stick/1021", "#": "木の槍"},
        {"predicate": {"custom_model_data": 1022}, "model": "resource:item/carrot_on_a_stick/1022", "#": "石の槍"},
        {"predicate": {"custom_model_data": 1023}, "model": "resource:item/carrot_on_a_stick/1023", "#": "鉄の槍"},
        {"predicate": {"custom_model_data": 1024}, "model": "resource:item/carrot_on_a_stick/1024", "#": "金の槍"},
        {"predicate": {"custom_model_data": 1025}, "model": "resource:item/carrot_on_a_stick/1025", "#": "ルミナイトの槍"},
        {"predicate": {"custom_model_data": 1026}, "model": "resource:item/carrot_on_a_stick/1026", "#": "銅の槍"},
        {"predicate": {"custom_model_data": 1027}, "model": "resource:item/carrot_on_a_stick/1027", "#": "ダイヤの槍"},
        {"predicate": {"custom_model_data": 1028}, "model": "resource:item/carrot_on_a_stick/1028", "#": "エメラルドの槍"},

        {"predicate": {"custom_model_data": 1031}, "model": "resource:item/carrot_on_a_stick/1031", "#": "木のハンマー"},
        {"predicate": {"custom_model_data": 1032}, "model": "resource:item/carrot_on_a_stick/1032", "#": "石のハンマー"},
        {"predicate": {"custom_model_data": 1033}, "model": "resource:item/carrot_on_a_stick/1033", "#": "鉄のハンマー"},
        {"predicate": {"custom_model_data": 1034}, "model": "resource:item/carrot_on_a_stick/1034", "#": "金のハンマー"},
        {"predicate": {"custom_model_data": 1035}, "model": "resource:item/carrot_on_a_stick/1035", "#": "ルミナイトのハンマー"},
        {"predicate": {"custom_model_data": 1036}, "model": "resource:item/carrot_on_a_stick/1036", "#": "銅のハンマー"},
        {"predicate": {"custom_model_data": 1037}, "model": "resource:item/carrot_on_a_stick/1037", "#": "ダイヤのハンマー"},
        {"predicate": {"custom_model_data": 1038}, "model": "resource:item/carrot_on_a_stick/1038", "#": "エメラルドのハンマー"},

        {"predicate": {"custom_model_data": 1041}, "model": "resource:item/carrot_on_a_stick/1041", "#": "木の杖"},
        {"predicate": {"custom_model_data": 1042}, "model": "resource:item/carrot_on_a_stick/1042", "#": "ルミナイトの杖"}
    ]
}